{"cameraMode":{"drawMode":0,"name":"Shaded","section":"Shading Mode"},"sceneLighting":true,"audioPlay":false,"sceneViewState":{"showFog":true,"showMaterialUpdate":false,"showSkybox":true,"showFlares":true,"showImageEffects":true,"showParticleSystems":true},"in2DMode":false,"pivot":{"x":3.7557897567749025,"y":4.274848937988281,"z":-16.119884490966798},"rotation":{"x":-0.12746039032936097,"y":-0.005358845926821232,"z":0.000688578060362488,"w":-0.9918306469917297},"size":0.6583768129348755,"orthographic":false}