{"cameraMode":{"drawMode":0,"name":"Shaded","section":"Shading Mode"},"sceneLighting":false,"audioPlay":false,"sceneViewState":{"showFog":true,"showMaterialUpdate":false,"showSkybox":true,"showFlares":true,"showImageEffects":true,"showParticleSystems":true},"in2DMode":false,"pivot":{"x":18.650001525878908,"y":8.190000534057618,"z":4.143252849578857},"rotation":{"x":-0.09134232997894287,"y":0.08563023060560227,"z":-0.007897384464740754,"w":-0.9921310544013977},"size":2.2168161869049074,"orthographic":false}