{"cameraMode":{"drawMode":0,"name":"Shaded","section":"Shading Mode"},"sceneLighting":false,"audioPlay":false,"sceneViewState":{"showFog":true,"showMaterialUpdate":false,"showSkybox":true,"showFlares":true,"showImageEffects":true,"showParticleSystems":true},"in2DMode":false,"pivot":{"x":26.25,"y":6.180000305175781,"z":4.143252849578857},"rotation":{"x":-0.14183640480041505,"y":0.08215724676847458,"z":-0.011827870272099972,"w":-0.9864360094070435},"size":6.304830551147461,"orthographic":false}