{"cameraMode":{"drawMode":0,"name":"Shaded","section":"Shading Mode"},"sceneLighting":true,"audioPlay":false,"sceneViewState":{"showFog":true,"showMaterialUpdate":false,"showSkybox":true,"showFlares":true,"showImageEffects":true,"showParticleSystems":true},"in2DMode":false,"pivot":{"x":7.007612228393555,"y":-33.86869812011719,"z":72.6050796508789},"rotation":{"x":-0.22928214073181153,"y":0.10836123675107956,"z":-0.025708938017487527,"w":-0.966999888420105},"size":138.1835174560547,"orthographic":false}