{"cameraMode":{"drawMode":0,"name":"Shaded","section":"Shading Mode"},"sceneLighting":false,"audioPlay":false,"sceneViewState":{"showFog":true,"showMaterialUpdate":false,"showSkybox":true,"showFlares":true,"showImageEffects":true,"showParticleSystems":true},"in2DMode":false,"pivot":{"x":30.459999084472658,"y":8.410000801086426,"z":3.743253231048584},"rotation":{"x":-0.22928214073181153,"y":0.10836123675107956,"z":-0.025708938017487527,"w":-0.966999888420105},"size":3.204782485961914,"orthographic":false}