{"cameraMode":{"drawMode":0,"name":"Shaded","section":"Shading Mode"},"sceneLighting":false,"audioPlay":false,"sceneViewState":{"showFog":true,"showMaterialUpdate":false,"showSkybox":true,"showFlares":true,"showImageEffects":true,"showParticleSystems":true},"in2DMode":false,"pivot":{"x":22.899999618530275,"y":6.510000228881836,"z":3.993253231048584},"rotation":{"x":-0.14183640480041505,"y":0.08215724676847458,"z":-0.011827870272099972,"w":-0.9864360094070435},"size":9.051409721374512,"orthographic":false}