{"cameraMode":{"drawMode":0,"name":"Shaded","section":"Shading Mode"},"sceneLighting":false,"audioPlay":false,"sceneViewState":{"showFog":true,"showMaterialUpdate":false,"showSkybox":true,"showFlares":true,"showImageEffects":true,"showParticleSystems":true},"in2DMode":false,"pivot":{"x":536.0999755859375,"y":264.20001220703127,"z":-21.5},"rotation":{"x":-0.0961071029305458,"y":-0.033740121871232989,"z":0.0032604101579636337,"w":-0.9948166012763977},"size":268.6004943847656,"orthographic":false}