{"cameraMode":{"drawMode":0,"name":"Shaded","section":"Shading Mode"},"sceneLighting":false,"audioPlay":false,"sceneViewState":{"showFog":true,"showMaterialUpdate":false,"showSkybox":true,"showFlares":true,"showImageEffects":true,"showParticleSystems":true},"in2DMode":false,"pivot":{"x":19.100000381469728,"y":6.080000400543213,"z":3.983253002166748},"rotation":{"x":-0.14183640480041505,"y":0.08215724676847458,"z":-0.011827870272099972,"w":-0.9864360094070435},"size":5.205900192260742,"orthographic":false}