{"cameraMode":{"drawMode":0,"name":"Shaded","section":"Shading Mode"},"sceneLighting":false,"audioPlay":false,"sceneViewState":{"showFog":true,"showMaterialUpdate":false,"showSkybox":true,"showFlares":true,"showImageEffects":true,"showParticleSystems":true},"in2DMode":false,"pivot":{"x":27.937397003173829,"y":7.012304306030273,"z":4.616879940032959},"rotation":{"x":-0.14183640480041505,"y":0.08215724676847458,"z":-0.011827870272099972,"w":-0.9864360094070435},"size":6.591352939605713,"orthographic":false}