{"cameraMode":{"drawMode":0,"name":"Shaded","section":"Shading Mode"},"sceneLighting":false,"audioPlay":false,"sceneViewState":{"showFog":true,"showMaterialUpdate":false,"showSkybox":true,"showFlares":true,"showImageEffects":true,"showParticleSystems":true},"in2DMode":false,"pivot":{"x":25.559999465942384,"y":5.890000343322754,"z":4.163252830505371},"rotation":{"x":-0.2185174971818924,"y":0.06639282405376435,"z":-0.014910292811691761,"w":-0.9734875559806824},"size":4.471251964569092,"orthographic":false}